country,iso_code
Afghanistan,AFG
Albania,ALB
Algeria,DZA
Andorra,AND
Angola,AGO
Anguilla,AIA
Antigua And Barbuda,ATG
Argentina,ARG
Armenia,ARM
Aruba,ABW
Australia,AUS
Austria,AUT
Azerbaijan,AZE
Bahamas,BHS
Bahrain,BHR
Bangladesh,BGD
Barbados,BRB
Belarus,BLR
Belgium,BEL
Belize,BLZ
Benin,BEN
Bermuda,BMU
Bhutan,BTN
Bolivia,BOL
Bosnia And Herzegovina,BIH
Botswana,BWA
Brazil,BRA
British Virgin Islands,VGB
Brunei Darussalam,BRN
Bulgaria,BGR
Burkina Faso,BFA
Burundi,BDI
Cabo Verde,CPV
Cambodia,KHM
Cameroon,CMR
Canada,CAN
Caribbean Netherlands,BES
Cayman Islands,CYM
Central African Republic,CAF
Chad,TCD
Channel Islands,GBR
Chile,CHL
China,CHN
China Hong Kong Sar,HKG
China Macao Sar,MAC
Colombia,COL
Comoros,COM
Congo,COG
Cook Islands,COK
Costa Rica,CRI
Cote D Ivoire,CIV
Croatia,HRV
Cuba,CUB
Curacao,CUW
Cyprus,CYP
Czech Republic,CZE
Democratic Republic Of The Congo,COD
Denmark,DNK
Djibouti,DJI
Dominica,DMA
Dominican Republic,DOM
Ecuador,ECU
Egypt,EGY
El Salvador,SLV
Equatorial Guinea,GNQ
Eritrea,ERI
Estonia,EST
Ethiopia,ETH
Faeroe Islands,FRO
Falkland Islands Malvinas,FLK
Fiji,FJI
Finland,FIN
France,FRA
French Guiana,GUF
French Polynesia,PYF
Gabon,GAB
Gambia,GMB
Georgia,GEO
Germany,DEU
Ghana,GHA
Gibraltar,GIB
Greece,GRC
Greenland,GRL
Grenada,GRD
Guadeloupe,GLP
Guatemala,GTM
Guinea,GIN
Guinea Bissau,GNB
Guyana,GUY
Haiti,HTI
Holy See,VAT
Honduras,HND
Hungary,HUN
Iceland,ISL
India,IND
Indonesia,IDN
Iran,IRN
Iraq,IRQ
Ireland,IRL
Isle Of Man,IMN
Israel,ISR
Italy,ITA
Jamaica,JAM
Japan,JPN
Jordan,JOR
Kazakhstan,KAZ
Kenya,KEN
Kiribati,KIR
Kuwait,KWT
Kyrgyzstan,KGZ
Laos,LAO
Latvia,LVA
Lebanon,LBN
Lesotho,LSO
Liberia,LBR
Libya,LBY
Liechtenstein,LIE
Lithuania,LTU
Luxembourg,LUX
Macedonia,MKD
Madagascar,MDG
Malawi,MWI
Malaysia,MYS
Maldives,MDV
Mali,MLI
Malta,MLT
Marshall Islands,MHL
Martinique,MTQ
Mauritania,MRT
Mauritius,MUS
Mayotte,FRA
Mexico,MEX
Micronesia,FSM
Moldova,MDA
Monaco,MCO
Mongolia,MNG
Montenegro,MNE
Montserrat,MSR
Morocco,MAR
Mozambique,MOZ
Myanmar,MMR
Namibia,NAM
Nauru,NRU
Nepal,NPL
Netherlands,NLD
New Caledonia,NCL
New Zealand,NZL
Nicaragua,NIC
Niger,NER
Nigeria,NGA
Niue,NIU
Norway,NOR
Oman,OMN
Pakistan,PAK
Palau,PLW
Panama,PAN
Papua New Guinea,PNG
Paraguay,PRY
Peru,PER
Philippines,PHL
Poland,POL
Portugal,PRT
Qatar,QAT
Reunion,REU
Romania,ROU
Russia,RUS
Rwanda,RWA
Saint Barthelemy,BLM
Saint Helena,SHN
Saint Kitts And Nevis,KNA
Saint Lucia,LCA
Saint Martin,MAF
Saint Pierre And Miquelon,SPM
Saint Vincent And The Grenadines,VCT
Samoa,WSM
San Marino,SMR
Sao Tome And Principe,STP
Saudi Arabia,SAU
Senegal,SEN
Serbia,SRB
Seychelles,SYC
Sierra Leone,SLE
Singapore,SGP
Sint Maarten,SXM
Slovakia,SVK
Slovenia,SVN
Solomon Islands,SLB
Somalia,SOM
South Africa,ZAF
South Korea,KOR
South Sudan,SSD
Spain,ESP
Sri Lanka,LKA
State Of Palestine,PSE
Sudan,SDN
Suriname,SUR
Swaziland,SWZ
Sweden,SWE
Switzerland,CHE
Syria,SYR
Taiwan,TWN
Tajikistan,TJK
Tanzania,TZA
Thailand,THA
Timor Leste,TLS
Togo,TGO
Tonga,TON
Trinidad And Tobago,TTO
Tunisia,TUN
Turkey,TUR
Turks And Caicos Islands,TCA
UK,GBR
USA,USA
Uganda,UGA
Ukraine,UKR
United Arab Emirates,ARE
Uruguay,URY
Uzbekistan,UZB
Vanuatu,VUT
Venezuela,VEN
Viet Nam,VNM
Wallis And Futuna Islands,WLF
Western Sahara,ESH
Yemen,YEM
Zambia,ZMB
Zimbabwe,ZWE
Africa,OWID_AFR
Asia,OWID_ASI
Europe,OWID_EUR
North America,OWID_NAM
Oceania,OWID_OCE
South America,OWID_SAM
World,OWID_WRL
Guam,GUM
Puerto Rico,PRI
Saint Martin (French part),MAF
United Kingdom,GBR
United States,USA
Vietnam,VNM
Czechia,CZE
Democratic Republic of Congo,COD
American Samoa,ASM
Bonaire Sint Eustatius and Saba,BES
Brunei,BRN
Cape Verde,CPV
Cote d'Ivoire,CIV
East Timor,TLS
Eswatini,SWZ
European Union (27),EU
Falkland Islands,FLK
Faroe Islands,FRO
Guernsey,GGY
Guinea-Bissau,GNB
High-income countries,HI
Jersey,JEY
Kosovo,XKX
Low-income countries,LI
Lower-middle-income countries,LMI
Micronesia (country),FSM
North Korea,PRK
North Macedonia,MKD
Northern Mariana Islands,MNP
Palestine,PSE
Pitcairn,PCN
Sint Maarten (Dutch part),SXM
Tokelau,TKL
Turkmenistan,TKM
Tuvalu,TUV
United States Virgin Islands,VIR
Upper-middle-income countries,UMI
Vatican,VAT
Wallis and Futuna,WLF